postcode,district,"Vb,map"
AB10,Aberdeen,25.8
AB11,Aberdeen,25.8
AB12,Aberdeen,25.7
AB13,Aberdeen,25.7
AB14,Aberdeen,25.7
AB15,Aberdeen,25.8
AB16,Aberdeen,25.8
AB21,Aberdeen,25.9
AB22,Aberdeen,25.9
AB23,Aberdeen,25.9
AB25,Aberdeen,25.8
AB30,Aberdeen,25.4
AB31,Aberdeen,25.7
AB32,Aberdeen,25.8
AB33,Aberdeen,26
AB34,Aberdeen,25.8
AB35,Aberdeen,25.9
AB36,Aberdeen,26.1
AB37,Aberdeen,26.4
AB38,Aberdeen,26.5
AB39,Aberdeen,25.6
AB41,Aberdeen,26.2
AB42,Aberdeen,26.4
AB43,Aberdeen,26.7
AB44,Aberdeen,26.7
AB45,Aberdeen,26.7
AB51,Aberdeen,26.1
AB52,Aberdeen,26.1
AB53,Aberdeen,26.4
AB54,Aberdeen,26.3
AB55,Aberdeen,26.5
AB56,Aberdeen,26.7
AL1,St. Albans,21.5
AL10,St. Albans,21.5
AL2,St. Albans,21.5
AL3,St. Albans,21.5
AL4,St. Albans,21.5
AL5,St. Albans,21.5
AL6,St. Albans,21.6
AL7,St. Albans,21.6
AL8,St. Albans,21.6
AL9,St. Albans,21.5
B1,Birmingham,21.7
B10,Birmingham,21.7
B11,Birmingham,21.7
B12,Birmingham,21.7
B13,Birmingham,21.7
B14,Birmingham,21.7
B15,Birmingham,21.7
B16,Birmingham,21.7
B17,Birmingham,21.7
B18,Birmingham,21.7
B19,Birmingham,21.7
B2,Birmingham,21.7
B20,Birmingham,21.7
B21,Birmingham,21.7
B23,Birmingham,21.7
B24,Birmingham,21.7
B25,Birmingham,21.7
B26,Birmingham,21.7
B27,Birmingham,21.7
B28,Birmingham,21.7
B29,Birmingham,21.7
B3,Birmingham,21.7
B30,Birmingham,21.7
B31,Birmingham,21.7
B32,Birmingham,21.7
B33,Birmingham,21.7
B34,Birmingham,21.7
B35,Birmingham,21.7
B36,Birmingham,21.7
B37,Birmingham,21.7
B38,Birmingham,21.7
B4,Birmingham,21.7
B40,Birmingham,21.7
B42,Birmingham,21.7
B43,Birmingham,21.7
B44,Birmingham,21.7
B45,Birmingham,21.7
B46,Birmingham,21.7
B47,Birmingham,21.7
B48,Birmingham,21.7
B49,Birmingham,21.7
B5,Birmingham,21.7
B50,Birmingham,21.6
B6,Birmingham,21.7
B60,Birmingham,21.7
B61,Birmingham,21.7
B62,Birmingham,21.7
B63,Birmingham,21.8
B64,Birmingham,21.8
B65,Birmingham,21.7
B66,Birmingham,21.7
B67,Birmingham,21.7
B68,Birmingham,21.7
B69,Birmingham,21.7
B7,Birmingham,21.7
B70,Birmingham,21.7
B71,Birmingham,21.7
B72,Birmingham,21.7
B73,Birmingham,21.7
B74,Birmingham,21.7
B75,Birmingham,21.7
B76,Birmingham,21.7
B77,Birmingham,21.7
B78,Birmingham,21.7
B79,Birmingham,21.7
B8,Birmingham,21.7
B80,Birmingham,21.7
B9,Birmingham,21.7
B90,Birmingham,21.7
B91,Birmingham,21.7
B92,Birmingham,21.7
B93,Birmingham,21.7
B94,Birmingham,21.7
B95,Birmingham,21.7
B96,Birmingham,21.7
B97,Birmingham,21.7
B98,Birmingham,21.7
BA1,Bath,21.8
BA10,Bath,22
BA11,Bath,21.8
BA12,Bath,21.8
BA13,Bath,21.7
BA14,Bath,21.7
BA15,Bath,21.8
BA16,Bath,22.1
BA2,Bath,21.8
BA20,Bath,22.1
BA21,Bath,22.1
BA22,Bath,22.1
BA3,Bath,21.9
BA4,Bath,22
BA5,Bath,22
BA6,Bath,22.1
BA7,Bath,22
BA8,Bath,22
BA9,Bath,22
BB1,Blackburn,23.2
BB10,Blackburn,23
BB11,Blackburn,23
BB12,Blackburn,23.1
BB18,Blackburn,23.1
BB2,Blackburn,23.2
BB3,Blackburn,23.1
BB4,Blackburn,23
BB5,Blackburn,23.1
BB6,Blackburn,23.2
BB7,Blackburn,23.2
BB8,Blackburn,23
BB9,Blackburn,23.1
BD1,Bradford,22.7
BD10,Bradford,22.8
BD11,Bradford,22.6
BD12,Bradford,22.7
BD13,Bradford,22.8
BD14,Bradford,22.7
BD15,Bradford,22.8
BD16,Bradford,22.8
BD17,Bradford,22.8
BD18,Bradford,22.8
BD19,Bradford,22.6
BD2,Bradford,22.7
BD20,Bradford,23
BD21,Bradford,22.9
BD22,Bradford,22.9
BD23,Bradford,23.1
BD24,Bradford,23.3
BD3,Bradford,22.7
BD4,Bradford,22.7
BD5,Bradford,22.7
BD6,Bradford,22.7
BD7,Bradford,22.7
BD8,Bradford,22.8
BD9,Bradford,22.8
BH1,Bournemouth,21.8
BH10,Bournemouth,21.8
BH11,Bournemouth,21.8
BH12,Bournemouth,21.8
BH13,Bournemouth,21.9
BH14,Bournemouth,21.9
BH15,Bournemouth,21.9
BH16,Bournemouth,21.9
BH17,Bournemouth,21.8
BH18,Bournemouth,21.8
BH19,Bournemouth,22
BH2,Bournemouth,21.8
BH20,Bournemouth,22
BH21,Bournemouth,21.8
BH22,Bournemouth,21.8
BH23,Bournemouth,21.8
BH24,Bournemouth,21.7
BH25,Bournemouth,21.8
BH3,Bournemouth,21.8
BH31,Bournemouth,21.7
BH4,Bournemouth,21.8
BH5,Bournemouth,21.8
BH6,Bournemouth,21.8
BH7,Bournemouth,21.8
BH8,Bournemouth,21.8
BH9,Bournemouth,21.8
BL0,Bolton,22.9
BL1,Bolton,23
BL2,Bolton,22.9
BL3,Bolton,22.9
BL4,Bolton,22.9
BL5,Bolton,23
BL6,Bolton,23
BL7,Bolton,23
BL8,Bolton,22.9
BL9,Bolton,22.8
BN1,Brighton,21.7
BN10,Brighton,21.8
BN11,Brighton,21.7
BN12,Brighton,21.7
BN13,Brighton,21.7
BN14,Brighton,21.7
BN15,Brighton,21.7
BN16,Brighton,21.6
BN17,Brighton,21.6
BN18,Brighton,21.6
BN2,Brighton,21.7
BN20,Brighton,21.8
BN21,Brighton,21.9
BN22,Brighton,21.9
BN23,Brighton,21.9
BN24,Brighton,21.9
BN25,Brighton,21.8
BN26,Brighton,21.8
BN27,Brighton,21.8
BN3,Brighton,21.7
BN41,Brighton,21.7
BN42,Brighton,21.7
BN43,Brighton,21.7
BN44,Brighton,21.7
BN45,Brighton,21.7
BN5,Brighton,21.7
BN6,Brighton,21.7
BN7,Brighton,21.7
BN8,Brighton,21.7
BN9,Brighton,21.8
BR1,Bromley,21.6
BR2,Bromley,21.6
BR3,Bromley,21.6
BR4,Bromley,21.6
BR5,Bromley,21.6
BR6,Bromley,21.6
BR7,Bromley,21.6
BR8,Bromley,21.7
BS1,Bristol,22
BS10,Bristol,22
BS11,Bristol,22
BS13,Bristol,22
BS14,Bristol,22
BS15,Bristol,21.9
BS16,Bristol,21.9
BS2,Bristol,22
BS20,Bristol,22.1
BS21,Bristol,22.2
BS22,Bristol,22.3
BS23,Bristol,22.3
BS24,Bristol,22.3
BS25,Bristol,22.2
BS26,Bristol,22.2
BS27,Bristol,22.1
BS28,Bristol,22.2
BS29,Bristol,22.2
BS3,Bristol,22
BS30,Bristol,21.9
BS31,Bristol,21.9
BS32,Bristol,22
BS34,Bristol,22
BS35,Bristol,21.9
BS36,Bristol,21.9
BS37,Bristol,21.9
BS39,Bristol,21.9
BS4,Bristol,22
BS40,Bristol,22.1
BS41,Bristol,22
BS48,Bristol,22.1
BS49,Bristol,22.2
BS5,Bristol,22
BS6,Bristol,22
BS7,Bristol,22
BS8,Bristol,22
BS9,Bristol,22
BS99,Bristol,22
BT1,Belfast,25.7
BT10,Belfast,25.7
BT11,Belfast,25.7
BT12,Belfast,25.7
BT13,Belfast,25.8
BT14,Belfast,25.8
BT15,Belfast,25.8
BT16,Belfast,25.7
BT17,Belfast,25.7
BT18,Belfast,25.8
BT19,Belfast,25.7
BT2,Belfast,25.7
BT20,Belfast,25.7
BT21,Belfast,25.7
BT22,Belfast,25.6
BT23,Belfast,25.7
BT24,Belfast,25.6
BT25,Belfast,25.6
BT26,Belfast,25.7
BT27,Belfast,25.7
BT28,Belfast,25.7
BT29,Belfast,25.8
BT3,Belfast,25.8
BT30,Belfast,25.6
BT31,Belfast,25.6
BT32,Belfast,25.6
BT33,Belfast,25.6
BT34,Belfast,25.5
BT35,Belfast,25.5
BT36,Belfast,25.8
BT37,Belfast,25.8
BT38,Belfast,25.8
BT39,Belfast,25.8
BT4,Belfast,25.7
BT40,Belfast,25.9
BT41,Belfast,25.9
BT42,Belfast,26
BT43,Belfast,26
BT44,Belfast,26.1
BT45,Belfast,26
BT46,Belfast,26.1
BT47,Belfast,26.3
BT48,Belfast,26.4
BT49,Belfast,26.4
BT5,Belfast,25.7
BT51,Belfast,26.3
BT52,Belfast,26.4
BT53,Belfast,26.3
BT54,Belfast,26.4
BT55,Belfast,26.5
BT56,Belfast,26.5
BT57,Belfast,26.4
BT6,Belfast,25.7
BT60,Belfast,25.6
BT61,Belfast,25.6
BT62,Belfast,25.6
BT63,Belfast,25.6
BT64,Belfast,25.7
BT65,Belfast,25.7
BT66,Belfast,25.7
BT67,Belfast,25.7
BT68,Belfast,25.7
BT69,Belfast,25.7
BT7,Belfast,25.7
BT70,Belfast,25.8
BT71,Belfast,25.8
BT74,Belfast,25.8
BT75,Belfast,25.8
BT76,Belfast,25.8
BT77,Belfast,25.8
BT78,Belfast,25.9
BT79,Belfast,25.9
BT8,Belfast,25.7
BT80,Belfast,25.9
BT81,Belfast,26.1
BT82,Belfast,26.2
BT9,Belfast,25.7
BT92,Belfast,25.7
BT93,Belfast,26
BT94,Belfast,25.8
CA1,Carlisle,24.3
CA10,Carlisle,24
CA11,Carlisle,24.1
CA12,Carlisle,24.3
CA13,Carlisle,24.5
CA14,Carlisle,24.6
CA15,Carlisle,24.6
CA16,Carlisle,23.8
CA17,Carlisle,23.7
CA18,Carlisle,24.4
CA19,Carlisle,24.4
CA2,Carlisle,24.3
CA20,Carlisle,24.5
CA21,Carlisle,24.5
CA22,Carlisle,24.6
CA23,Carlisle,24.5
CA24,Carlisle,24.6
CA25,Carlisle,24.6
CA26,Carlisle,24.5
CA27,Carlisle,24.6
CA28,Carlisle,24.6
CA3,Carlisle,24.3
CA4,Carlisle,24.2
CA5,Carlisle,24.3
CA6,Carlisle,24.3
CA7,Carlisle,24.5
CA8,Carlisle,24.2
CA9,Carlisle,24
CB1,Cambridge,21.8
CB10,Cambridge,21.8
CB11,Cambridge,21.7
CB2,Cambridge,21.8
CB3,Cambridge,21.8
CB4,Cambridge,21.8
CB5,Cambridge,21.8
CB6,Cambridge,21.9
CB7,Cambridge,21.9
CB8,Cambridge,21.9
CB9,Cambridge,21.9
CF10,Cardiff,22.6
CF11,Cardiff,22.6
CF14,Cardiff,22.6
CF15,Cardiff,22.7
CF23,Cardiff,22.5
CF24,Cardiff,22.5
CF3,Cardiff,22.5
CF31,Cardiff,23
CF32,Cardiff,23
CF33,Cardiff,23.1
CF34,Cardiff,23.1
CF35,Cardiff,22.9
CF36,Cardiff,23.1
CF37,Cardiff,22.7
CF38,Cardiff,22.7
CF39,Cardiff,22.8
CF40,Cardiff,22.9
CF41,Cardiff,22.9
CF42,Cardiff,22.9
CF43,Cardiff,22.9
CF44,Cardiff,22.9
CF45,Cardiff,22.8
CF46,Cardiff,22.7
CF47,Cardiff,22.8
CF48,Cardiff,22.8
CF5,Cardiff,22.6
CF61,Cardiff,22.9
CF62,Cardiff,22.7
CF63,Cardiff,22.6
CF64,Cardiff,22.6
CF71,Cardiff,22.9
CF72,Cardiff,22.8
CF81,Cardiff,22.6
CF82,Cardiff,22.6
CF83,Cardiff,22.6
CH1,Chester,23
CH2,Chester,23
CH3,Chester,22.9
CH4,Chester,23
CH41,Chester,23.4
CH42,Chester,23.3
CH43,Chester,23.4
CH44,Chester,23.4
CH45,Chester,23.4
CH46,Chester,23.5
CH47,Chester,23.5
CH48,Chester,23.5
CH49,Chester,23.4
CH5,Chester,23.2
CH6,Chester,23.3
CH60,Chester,23.4
CH61,Chester,23.4
CH62,Chester,23.2
CH63,Chester,23.3
CH64,Chester,23.3
CH65,Chester,23.1
CH66,Chester,23.1
CH7,Chester,23.2
CH8,Chester,23.5
CM0,Chelmsford,21.9
CM1,Chelmsford,21.8
CM11,Chelmsford,21.8
CM12,Chelmsford,21.7
CM13,Chelmsford,21.7
CM14,Chelmsford,21.7
CM15,Chelmsford,21.7
CM16,Chelmsford,21.6
CM17,Chelmsford,21.6
CM18,Chelmsford,21.6
CM19,Chelmsford,21.6
CM2,Chelmsford,21.8
CM20,Chelmsford,21.6
CM21,Chelmsford,21.7
CM22,Chelmsford,21.7
CM23,Chelmsford,21.7
CM24,Chelmsford,21.7
CM3,Chelmsford,21.8
CM4,Chelmsford,21.7
CM5,Chelmsford,21.7
CM6,Chelmsford,21.8
CM7,Chelmsford,21.8
CM8,Chelmsford,21.9
CM9,Chelmsford,21.9
CO1,Colchester,22
CO10,Colchester,22
CO11,Colchester,22.2
CO12,Colchester,22.3
CO13,Colchester,22.3
CO14,Colchester,22.3
CO15,Colchester,22.2
CO16,Colchester,22.2
CO2,Colchester,22
CO3,Colchester,22
CO4,Colchester,22
CO5,Colchester,22
CO6,Colchester,22
CO7,Colchester,22.1
CO8,Colchester,22
CO9,Colchester,21.9
CR0,Croydon,21.6
CR2,Croydon,21.6
CR3,Croydon,21.6
CR4,Croydon,21.6
CR5,Croydon,21.6
CR6,Croydon,21.6
CR7,Croydon,21.6
CR8,Croydon,21.6
CT1,Canterbury,22.2
CT10,Canterbury,22.5
CT11,Canterbury,22.5
CT12,Canterbury,22.5
CT13,Canterbury,22.5
CT14,Canterbury,22.5
CT15,Canterbury,22.4
CT16,Canterbury,22.5
CT17,Canterbury,22.5
CT18,Canterbury,22.3
CT19,Canterbury,22.3
CT2,Canterbury,22.2
CT20,Canterbury,22.3
CT21,Canterbury,22.3
CT3,Canterbury,22.4
CT4,Canterbury,22.2
CT5,Canterbury,22.2
CT6,Canterbury,22.3
CT7,Canterbury,22.4
CT8,Canterbury,22.4
CT9,Canterbury,22.5
CV1,Coventry,21.6
CV10,Coventry,21.6
CV11,Coventry,21.6
CV12,Coventry,21.6
CV13,Coventry,21.6
CV2,Coventry,21.6
CV21,Coventry,21.6
CV22,Coventry,21.6
CV23,Coventry,21.6
CV3,Coventry,21.6
CV31,Coventry,21.6
CV32,Coventry,21.6
CV33,Coventry,21.6
CV34,Coventry,21.6
CV35,Coventry,21.6
CV36,Coventry,21.6
CV37,Coventry,21.6
CV4,Coventry,21.6
CV47,Coventry,21.6
CV5,Coventry,21.6
CV6,Coventry,21.6
CV7,Coventry,21.6
CV8,Coventry,21.6
CV9,Coventry,21.7
CW1,Crewe,22.5
CW10,Crewe,22.6
CW11,Crewe,22.5
CW12,Crewe,22.3
CW2,Crewe,22.5
CW3,Crewe,22.4
CW4,Crewe,22.5
CW5,Crewe,22.5
CW6,Crewe,22.7
CW7,Crewe,22.6
CW8,Crewe,22.7
CW9,Crewe,22.7
DA1,Dartford,21.7
DA10,Dartford,21.7
DA11,Dartford,21.7
DA12,Dartford,21.8
DA13,Dartford,21.8
DA14,Dartford,21.6
DA15,Dartford,21.6
DA16,Dartford,21.6
DA17,Dartford,21.6
DA18,Dartford,21.6
DA2,Dartford,21.7
DA3,Dartford,21.7
DA4,Dartford,21.7
DA5,Dartford,21.6
DA6,Dartford,21.6
DA7,Dartford,21.6
DA8,Dartford,21.7
DA9,Dartford,21.7
DD1,Dundee,25
DD10,Dundee,25.3
DD11,Dundee,25
DD2,Dundee,25.1
DD3,Dundee,25.1
DD4,Dundee,25
DD5,Dundee,25
DD6,Dundee,25
DD7,Dundee,25
DD8,Dundee,25.2
DD9,Dundee,25.3
DE1,Derby,21.8
DE11,Derby,21.8
DE12,Derby,21.7
DE13,Derby,21.8
DE14,Derby,21.8
DE15,Derby,21.8
DE21,Derby,21.8
DE22,Derby,21.9
DE23,Derby,21.8
DE24,Derby,21.8
DE3,Derby,21.9
DE4,Derby,22
DE45,Derby,22.1
DE5,Derby,21.9
DE55,Derby,21.9
DE56,Derby,21.9
DE6,Derby,21.9
DE65,Derby,21.8
DE7,Derby,21.8
DE72,Derby,21.8
DE73,Derby,21.8
DE74,Derby,21.8
DE75,Derby,21.9
DG1,Dumfries,24.7
DG10,Dumfries,24.7
DG11,Dumfries,24.6
DG12,Dumfries,24.5
DG13,Dumfries,24.4
DG14,Dumfries,24.4
DG16,Dumfries,24.4
DG2,Dumfries,24.8
DG3,Dumfries,24.9
DG4,Dumfries,25.1
DG5,Dumfries,24.9
DG6,Dumfries,25.1
DG7,Dumfries,25.1
DG8,Dumfries,25.4
DG9,Dumfries,25.7
DH1,Durham,23.6
DH2,Durham,23.7
DH3,Durham,23.7
DH4,Durham,23.6
DH5,Durham,23.6
DH6,Durham,23.5
DH7,Durham,23.6
DH8,Durham,23.8
DH9,Durham,23.7
DL1,Darlington,23.3
DL10,Darlington,23.3
DL11,Darlington,23.4
DL12,Darlington,23.5
DL13,Darlington,23.7
DL14,Darlington,23.5
DL15,Darlington,23.6
DL16,Darlington,23.5
DL17,Darlington,23.5
DL2,Darlington,23.3
DL3,Darlington,23.3
DL4,Darlington,23.5
DL5,Darlington,23.4
DL6,Darlington,23.1
DL7,Darlington,23.1
DL8,Darlington,23.2
DL9,Darlington,23.2
DN1,Doncaster,22.2
DN10,Doncaster,22.1
DN11,Doncaster,22.1
DN12,Doncaster,22.2
DN14,Doncaster,22.4
DN15,Doncaster,22.2
DN16,Doncaster,22.2
DN17,Doncaster,22.2
DN18,Doncaster,22.3
DN19,Doncaster,22.3
DN2,Doncaster,22.2
DN20,Doncaster,22.2
DN21,Doncaster,22.1
DN22,Doncaster,22
DN3,Doncaster,22.2
DN31,Doncaster,22.3
DN32,Doncaster,22.3
DN33,Doncaster,22.3
DN34,Doncaster,22.3
DN35,Doncaster,22.3
DN36,Doncaster,22.3
DN37,Doncaster,22.3
DN38,Doncaster,22.2
DN39,Doncaster,22.3
DN4,Doncaster,22.2
DN40,Doncaster,22.3
DN41,Doncaster,22.3
DN5,Doncaster,22.2
DN6,Doncaster,22.3
DN7,Doncaster,22.2
DN8,Doncaster,22.3
DN9,Doncaster,22.2
DT1,Dorchester,22.1
DT10,Dorchester,22
DT11,Dorchester,21.9
DT2,Dorchester,22.1
DT3,Dorchester,22.2
DT4,Dorchester,22.2
DT5,Dorchester,22.3
DT6,Dorchester,22.3
DT7,Dorchester,22.5
DT8,Dorchester,22.3
DT9,Dorchester,22.1
DY1,Dudley,21.8
DY10,Dudley,21.9
DY11,Dudley,21.9
DY12,Dudley,22
DY13,Dudley,21.9
DY14,Dudley,22.1
DY2,Dudley,21.8
DY3,Dudley,21.8
DY4,Dudley,21.8
DY5,Dudley,21.8
DY6,Dudley,21.9
DY7,Dudley,21.9
DY8,Dudley,21.8
DY9,Dudley,21.8
E1,London,21.6
E10,London,21.6
E11,London,21.6
E12,London,21.6
E13,London,21.6
E14,London,21.6
E15,London,21.6
E16,London,21.6
E17,London,21.6
E18,London,21.6
E1W,London,21.6
E2,London,21.6
E3,London,21.6
E4,London,21.6
E5,London,21.6
E6,London,21.6
E7,London,21.6
E8,London,21.6
E9,London,21.6
EC1,London,21.6
EC1A,London,21.6
EC1M,London,21.6
EC1N,London,21.6
EC1R,London,21.6
EC1V,London,21.6
EC1Y,London,21.6
EC2,London,21.6
EC2A,London,21.6
EC2M,London,21.6
EC2N,London,21.6
EC2R,London,21.6
EC2V,London,21.6
EC2Y,London,21.6
EC3,London,21.6
EC3A,London,21.6
EC3M,London,21.6
EC3N,London,21.6
EC3P,London,21.6
EC3R,London,21.6
EC3V,London,21.6
EC4,London,21.6
EC4A,London,21.6
EC4M,London,21.6
EC4N,London,21.6
EC4R,London,21.6
EC4V,London,21.6
EC4Y,London,21.6
EH1,Edinburgh,24.7
EH10,Edinburgh,24.7
EH11,Edinburgh,24.7
EH12,Edinburgh,24.7
EH13,Edinburgh,24.7
EH14,Edinburgh,24.7
EH15,Edinburgh,24.7
EH16,Edinburgh,24.7
EH17,Edinburgh,24.7
EH18,Edinburgh,24.7
EH19,Edinburgh,24.6
EH2,Edinburgh,24.7
EH20,Edinburgh,24.7
EH21,Edinburgh,24.7
EH22,Edinburgh,24.6
EH23,Edinburgh,24.6
EH24,Edinburgh,24.6
EH25,Edinburgh,24.7
EH26,Edinburgh,24.7
EH27,Edinburgh,24.8
EH28,Edinburgh,24.8
EH29,Edinburgh,24.8
EH3,Edinburgh,24.7
EH30,Edinburgh,24.8
EH31,Edinburgh,24.6
EH32,Edinburgh,24.6
EH33,Edinburgh,24.6
EH34,Edinburgh,24.6
EH35,Edinburgh,24.6
EH36,Edinburgh,24.5
EH37,Edinburgh,24.6
EH38,Edinburgh,24.6
EH39,Edinburgh,24.6
EH4,Edinburgh,24.7
EH40,Edinburgh,24.6
EH41,Edinburgh,24.6
EH42,Edinburgh,24.6
EH43,Edinburgh,24.5
EH44,Edinburgh,24.5
EH45,Edinburgh,24.6
EH46,Edinburgh,24.7
EH47,Edinburgh,24.9
EH48,Edinburgh,24.9
EH49,Edinburgh,24.9
EH5,Edinburgh,24.7
EH51,Edinburgh,24.9
EH52,Edinburgh,24.8
EH53,Edinburgh,24.8
EH54,Edinburgh,24.8
EH55,Edinburgh,24.8
EH6,Edinburgh,24.7
EH7,Edinburgh,24.7
EH8,Edinburgh,24.7
EH9,Edinburgh,24.7
EN1,Enfield,21.6
EN10,Enfield,21.6
EN11,Enfield,21.6
EN2,Enfield,21.6
EN3,Enfield,21.6
EN4,Enfield,21.5
EN5,Enfield,21.5
EN6,Enfield,21.5
EN7,Enfield,21.6
EN8,Enfield,21.6
EN9,Enfield,21.6
EX1,Exeter,23
EX10,Exeter,22.8
EX11,Exeter,22.8
EX12,Exeter,22.6
EX13,Exeter,22.5
EX14,Exeter,22.7
EX15,Exeter,22.8
EX16,Exeter,22.9
EX17,Exeter,23.1
EX18,Exeter,23.3
EX19,Exeter,23.3
EX2,Exeter,23
EX20,Exeter,23.4
EX21,Exeter,23.5
EX22,Exeter,23.7
EX23,Exeter,23.8
EX24,Exeter,22.6
EX3,Exeter,22.9
EX31,Exeter,23.4
EX32,Exeter,23.3
EX33,Exeter,23.5
EX34,Exeter,23.4
EX35,Exeter,23.2
EX36,Exeter,23.2
EX37,Exeter,23.3
EX38,Exeter,23.5
EX39,Exeter,23.5
EX4,Exeter,23
EX5,Exeter,22.9
EX6,Exeter,23.1
EX7,Exeter,23
EX8,Exeter,22.9
EX9,Exeter,22.8
FK1,Falkirk,25.1
FK10,Falkirk,25.1
FK11,Falkirk,25.2
FK12,Falkirk,25.1
FK13,Falkirk,25.1
FK14,Falkirk,25
FK15,Falkirk,25.3
FK16,Falkirk,25.4
FK17,Falkirk,25.6
FK18,Falkirk,25.8
FK19,Falkirk,25.9
FK2,Falkirk,25
FK20,Falkirk,26.2
FK21,Falkirk,26
FK3,Falkirk,25
FK4,Falkirk,25.2
FK5,Falkirk,25.1
FK6,Falkirk,25.2
FK7,Falkirk,25.2
FK8,Falkirk,25.4
FK9,Falkirk,25.3
FY1,Blackpool,23.8
FY2,Blackpool,23.8
FY3,Blackpool,23.7
FY4,Blackpool,23.7
FY5,Blackpool,23.8
FY6,Blackpool,23.7
FY7,Blackpool,23.8
FY8,Blackpool,23.7
G1,Glasgow,25.4
G11,Glasgow,25.5
G12,Glasgow,25.5
G13,Glasgow,25.5
G14,Glasgow,25.5
G15,Glasgow,25.5
G2,Glasgow,25.4
G20,Glasgow,25.5
G21,Glasgow,25.4
G22,Glasgow,25.4
G23,Glasgow,25.5
G3,Glasgow,25.4
G31,Glasgow,25.4
G32,Glasgow,25.3
G33,Glasgow,25.3
G34,Glasgow,25.3
G4,Glasgow,25.4
G40,Glasgow,25.4
G41,Glasgow,25.4
G42,Glasgow,25.4
G43,Glasgow,25.4
G44,Glasgow,25.4
G45,Glasgow,25.4
G46,Glasgow,25.4
G5,Glasgow,25.4
G51,Glasgow,25.5
G52,Glasgow,25.5
G53,Glasgow,25.5
G60,Glasgow,25.6
G61,Glasgow,25.5
G62,Glasgow,25.5
G63,Glasgow,25.6
G64,Glasgow,25.4
G65,Glasgow,25.3
G66,Glasgow,25.4
G67,Glasgow,25.2
G68,Glasgow,25.2
G69,Glasgow,25.3
G71,Glasgow,25.2
G72,Glasgow,25.3
G73,Glasgow,25.4
G74,Glasgow,25.3
G76,Glasgow,25.4
G77,Glasgow,25.5
G78,Glasgow,25.5
G81,Glasgow,25.6
G82,Glasgow,25.8
G83,Glasgow,25.8
G84,Glasgow,26
GL1,Gloucester,21.8
GL10,Gloucester,21.8
GL11,Gloucester,21.8
GL12,Gloucester,21.8
GL13,Gloucester,21.9
GL14,Gloucester,21.9
GL15,Gloucester,22
GL16,Gloucester,22
GL17,Gloucester,22
GL18,Gloucester,21.9
GL19,Gloucester,21.8
GL2,Gloucester,21.8
GL20,Gloucester,21.7
GL3,Gloucester,21.7
GL4,Gloucester,21.7
GL5,Gloucester,21.7
GL50,Gloucester,21.7
GL51,Gloucester,21.7
GL52,Gloucester,21.6
GL53,Gloucester,21.6
GL54,Gloucester,21.6
GL55,Gloucester,21.6
GL56,Gloucester,21.6
GL6,Gloucester,21.7
GL7,Gloucester,21.5
GL8,Gloucester,21.7
GL9,Gloucester,21.8
GU1,Guildford,21.5
GU10,Guildford,21.5
GU11,Guildford,21.4
GU12,Guildford,21.4
GU13,Guildford,21.4
GU14,Guildford,21.4
GU15,Guildford,21.4
GU16,Guildford,21.4
GU17,Guildford,21.4
GU18,Guildford,21.4
GU19,Guildford,21.4
GU2,Guildford,21.5
GU20,Guildford,21.4
GU21,Guildford,21.5
GU22,Guildford,21.5
GU23,Guildford,21.5
GU24,Guildford,21.4
GU25,Guildford,21.4
GU26,Guildford,21.5
GU27,Guildford,21.5
GU28,Guildford,21.6
GU29,Guildford,21.6
GU3,Guildford,21.5
GU30,Guildford,21.5
GU31,Guildford,21.5
GU32,Guildford,21.5
GU33,Guildford,21.5
GU34,Guildford,21.5
GU35,Guildford,21.5
GU4,Guildford,21.5
GU46,Guildford,21.4
GU47,Guildford,21.4
GU5,Guildford,21.5
GU51,Guildford,21.4
GU52,Guildford,21.4
GU6,Guildford,21.5
GU7,Guildford,21.5
GU8,Guildford,21.5
GU9,Guildford,21.5
HA0,Harrow,21.5
HA1,Harrow,21.5
HA2,Harrow,21.5
HA3,Harrow,21.5
HA4,Harrow,21.5
HA5,Harrow,21.5
HA6,Harrow,21.5
HA7,Harrow,21.5
HA8,Harrow,21.5
HA9,Harrow,21.5
HD1,Huddersfield,22.6
HD2,Huddersfield,22.6
HD3,Huddersfield,22.6
HD4,Huddersfield,22.5
HD5,Huddersfield,22.5
HD6,Huddersfield,22.6
HD7,Huddersfield,22.6
HD8,Huddersfield,22.5
HD9,Huddersfield,22.5
HG1,Harrogate,22.9
HG2,Harrogate,22.8
HG3,Harrogate,22.9
HG4,Harrogate,23
HG5,Harrogate,22.8
HP1,Hemel Hempstead,21.5
HP10,Hemel Hempstead,21.4
HP11,Hemel Hempstead,21.4
HP12,Hemel Hempstead,21.4
HP13,Hemel Hempstead,21.4
HP14,Hemel Hempstead,21.4
HP15,Hemel Hempstead,21.4
HP16,Hemel Hempstead,21.4
HP17,Hemel Hempstead,21.4
HP18,Hemel Hempstead,21.4
HP19,Hemel Hempstead,21.4
HP2,Hemel Hempstead,21.5
HP20,Hemel Hempstead,21.4
HP21,Hemel Hempstead,21.4
HP22,Hemel Hempstead,21.4
HP23,Hemel Hempstead,21.5
HP27,Hemel Hempstead,21.4
HP3,Hemel Hempstead,21.5
HP4,Hemel Hempstead,21.4
HP5,Hemel Hempstead,21.4
HP6,Hemel Hempstead,21.4
HP7,Hemel Hempstead,21.4
HP8,Hemel Hempstead,21.4
HP9,Hemel Hempstead,21.4
HR1,Hereford,22.1
HR2,Hereford,22.2
HR3,Hereford,22.5
HR4,Hereford,22.2
HR5,Hereford,22.5
HR6,Hereford,22.2
HR7,Hereford,22
HR8,Hereford,21.9
HR9,Hereford,22
HS1,Scottish Islands,29.7
HS2,Scottish Islands,29.8
HS3,Scottish Islands,30
HS4,Scottish Islands,29.8
HS5,Scottish Islands,30.1
HS6,Scottish Islands,30.2
HS7,Scottish Islands,30.2
HS8,Scottish Islands,30.1
HS9,Scottish Islands,30
HU1,Hull,22.4
HU10,Hull,22.4
HU11,Hull,22.5
HU12,Hull,22.4
HU13,Hull,22.4
HU14,Hull,22.3
HU15,Hull,22.4
HU16,Hull,22.4
HU17,Hull,22.5
HU18,Hull,22.5
HU19,Hull,22.4
HU2,Hull,22.4
HU20,Hull,22.4
HU3,Hull,22.4
HU4,Hull,22.4
HU5,Hull,22.4
HU6,Hull,22.4
HU7,Hull,22.4
HU8,Hull,22.4
HU9,Hull,22.4
HX1,Halifax,22.7
HX2,Halifax,22.7
HX3,Halifax,22.7
HX4,Halifax,22.6
HX5,Halifax,22.6
HX6,Halifax,22.7
HX7,Halifax,22.8
IG1,Ilford,21.6
IG10,Ilford,21.6
IG11,Ilford,21.6
IG2,Ilford,21.6
IG3,Ilford,21.6
IG4,Ilford,21.6
IG5,Ilford,21.6
IG6,Ilford,21.6
IG7,Ilford,21.6
IG8,Ilford,21.6
IG9,Ilford,21.6
IP1,Ipswich,22.3
IP10,Ipswich,22.4
IP11,Ipswich,22.4
IP12,Ipswich,22.5
IP13,Ipswich,22.5
IP14,Ipswich,22.2
IP15,Ipswich,22.7
IP16,Ipswich,22.7
IP17,Ipswich,22.6
IP18,Ipswich,22.8
IP19,Ipswich,22.6
IP2,Ipswich,22.3
IP20,Ipswich,22.5
IP21,Ipswich,22.4
IP22,Ipswich,22.2
IP23,Ipswich,22.3
IP24,Ipswich,22.1
IP25,Ipswich,22.1
IP26,Ipswich,22
IP27,Ipswich,22
IP28,Ipswich,22
IP29,Ipswich,22
IP3,Ipswich,22.3
IP30,Ipswich,22
IP31,Ipswich,22
IP32,Ipswich,22
IP33,Ipswich,22
IP4,Ipswich,22.3
IP5,Ipswich,22.4
IP6,Ipswich,22.2
IP7,Ipswich,22.1
IP8,Ipswich,22.2
IP9,Ipswich,22.3
IV1,Inverness,27.1
IV10,Inverness,27.2
IV11,Inverness,27.2
IV12,Inverness,27
IV13,Inverness,26.8
IV14,Inverness,27.5
IV15,Inverness,27.4
IV16,Inverness,27.4
IV17,Inverness,27.4
IV18,Inverness,27.4
IV19,Inverness,27.4
IV2,Inverness,27.1
IV20,Inverness,27.3
IV21,Inverness,28.7
IV22,Inverness,28.5
IV23,Inverness,28.1
IV24,Inverness,27.7
IV25,Inverness,27.5
IV26,Inverness,28.4
IV27,Inverness,28.5
IV28,Inverness,27.8
IV3,Inverness,27.1
IV30,Inverness,26.8
IV31,Inverness,26.9
IV32,Inverness,26.7
IV36,Inverness,26.9
IV4,Inverness,27.3
IV40,Inverness,28.2
IV41,Inverness,28.3
IV42,Inverness,28.4
IV43,Inverness,28.3
IV44,Inverness,28.4
IV45,Inverness,28.4
IV46,Inverness,28.5
IV47,Inverness,29.1
IV48,Inverness,28.8
IV49,Inverness,28.5
IV5,Inverness,27.3
IV51,Inverness,29.1
IV52,Inverness,28.3
IV53,Inverness,28.2
IV54,Inverness,28.3
IV55,Inverness,29.5
IV56,Inverness,29.2
IV6,Inverness,27.3
IV63,Inverness,27.2
IV7,Inverness,27.4
IV8,Inverness,27.2
IV9,Inverness,27.2
KA1,Kilmarnock,25.6
KA10,Kilmarnock,25.7
KA11,Kilmarnock,25.7
KA12,Kilmarnock,25.7
KA13,Kilmarnock,25.8
KA14,Kilmarnock,25.8
KA15,Kilmarnock,25.7
KA16,Kilmarnock,25.4
KA17,Kilmarnock,25.4
KA18,Kilmarnock,25.3
KA19,Kilmarnock,25.6
KA2,Kilmarnock,25.6
KA20,Kilmarnock,25.8
KA21,Kilmarnock,25.9
KA22,Kilmarnock,25.9
KA23,Kilmarnock,25.9
KA24,Kilmarnock,25.8
KA25,Kilmarnock,25.8
KA26,Kilmarnock,25.7
KA27,Kilmarnock,26.2
KA28,Kilmarnock,26
KA29,Kilmarnock,26
KA3,Kilmarnock,25.6
KA30,Kilmarnock,26
KA4,Kilmarnock,25.5
KA5,Kilmarnock,25.4
KA6,Kilmarnock,25.5
KA7,Kilmarnock,25.6
KA8,Kilmarnock,25.6
KA9,Kilmarnock,25.6
KT1,Kingston Upon Thames,21.5
KT10,Kingston Upon Thames,21.5
KT11,Kingston Upon Thames,21.5
KT12,Kingston Upon Thames,21.5
KT13,Kingston Upon Thames,21.5
KT14,Kingston Upon Thames,21.5
KT15,Kingston Upon Thames,21.5
KT16,Kingston Upon Thames,21.5
KT17,Kingston Upon Thames,21.5
KT18,Kingston Upon Thames,21.5
KT19,Kingston Upon Thames,21.5
KT2,Kingston Upon Thames,21.5
KT20,Kingston Upon Thames,21.6
KT21,Kingston Upon Thames,21.5
KT22,Kingston Upon Thames,21.5
KT23,Kingston Upon Thames,21.5
KT24,Kingston Upon Thames,21.5
KT3,Kingston Upon Thames,21.5
KT4,Kingston Upon Thames,21.5
KT5,Kingston Upon Thames,21.5
KT6,Kingston Upon Thames,21.5
KT7,Kingston Upon Thames,21.5
KT8,Kingston Upon Thames,21.5
KT9,Kingston Upon Thames,21.5
KW1,Orkney,28.3
KW10,Orkney,27.6
KW11,Orkney,28.2
KW12,Orkney,28.4
KW13,Orkney,28.4
KW14,Orkney,28.6
KW15,Orkney,29
KW16,Orkney,29
KW17,Orkney,29.1
KW2,Orkney,28
KW3,Orkney,28
KW5,Orkney,28
KW6,Orkney,27.9
KW7,Orkney,27.8
KW8,Orkney,27.7
KW9,Orkney,27.6
KY1,Kirkcaldy,24.8
KY10,Kirkcaldy,24.7
KY11,Kirkcaldy,24.8
KY12,Kirkcaldy,24.9
KY13,Kirkcaldy,24.9
KY14,Kirkcaldy,25
KY15,Kirkcaldy,24.9
KY16,Kirkcaldy,24.8
KY2,Kirkcaldy,24.8
KY3,Kirkcaldy,24.8
KY4,Kirkcaldy,24.9
KY5,Kirkcaldy,24.8
KY6,Kirkcaldy,24.8
KY7,Kirkcaldy,24.8
KY8,Kirkcaldy,24.8
KY9,Kirkcaldy,24.7
L1,Liverpool,23.3
L10,Liverpool,23.3
L11,Liverpool,23.3
L12,Liverpool,23.2
L13,Liverpool,23.3
L14,Liverpool,23.2
L15,Liverpool,23.2
L16,Liverpool,23.2
L17,Liverpool,23.2
L18,Liverpool,23.2
L19,Liverpool,23.2
L2,Liverpool,23.3
L20,Liverpool,23.4
L21,Liverpool,23.4
L22,Liverpool,23.4
L23,Liverpool,23.4
L24,Liverpool,23.1
L25,Liverpool,23.1
L26,Liverpool,23.1
L27,Liverpool,23.1
L28,Liverpool,23.2
L29,Liverpool,23.4
L3,Liverpool,23.3
L30,Liverpool,23.4
L31,Liverpool,23.4
L32,Liverpool,23.3
L33,Liverpool,23.3
L34,Liverpool,23.2
L35,Liverpool,23.1
L36,Liverpool,23.2
L37,Liverpool,23.6
L38,Liverpool,23.5
L39,Liverpool,23.4
L4,Liverpool,23.3
L40,Liverpool,23.3
L5,Liverpool,23.3
L6,Liverpool,23.3
L69,Liverpool,23.3
L7,Liverpool,23.3
L70,Liverpool,23.3
L8,Liverpool,23.3
L9,Liverpool,23.3
LA1,Lancaster,23.7
LA10,Lancaster,23.6
LA11,Lancaster,23.9
LA12,Lancaster,24
LA13,Lancaster,24.1
LA14,Lancaster,24.1
LA15,Lancaster,24.1
LA16,Lancaster,24.2
LA17,Lancaster,24.2
LA18,Lancaster,24.2
LA19,Lancaster,24.4
LA2,Lancaster,23.6
LA20,Lancaster,24.2
LA21,Lancaster,24.1
LA22,Lancaster,24.1
LA23,Lancaster,24
LA3,Lancaster,23.8
LA4,Lancaster,23.7
LA5,Lancaster,23.7
LA6,Lancaster,23.6
LA7,Lancaster,23.8
LA8,Lancaster,23.8
LA9,Lancaster,23.8
LD1,Llandrindod Wells,22.9
LD2,Llandrindod Wells,22.8
LD3,Llandrindod Wells,22.8
LD4,Llandrindod Wells,23
LD5,Llandrindod Wells,23
LD6,Llandrindod Wells,23
LD7,Llandrindod Wells,22.6
LD8,Llandrindod Wells,22.5
LE1,Leicester,21.6
LE10,Leicester,21.6
LE11,Leicester,21.7
LE12,Leicester,21.7
LE13,Leicester,21.7
LE14,Leicester,21.7
LE15,Leicester,21.7
LE16,Leicester,21.6
LE17,Leicester,21.6
LE18,Leicester,21.6
LE2,Leicester,21.6
LE3,Leicester,21.6
LE4,Leicester,21.7
LE5,Leicester,21.6
LE6,Leicester,21.6
LE65,Leicester,21.7
LE67,Leicester,21.7
LE7,Leicester,21.7
LE8,Leicester,21.6
LE9,Leicester,21.6
LL11,Llandudno,23
LL12,Llandudno,23
LL13,Llandudno,22.9
LL14,Llandudno,23
LL15,Llandudno,23.4
LL16,Llandudno,23.6
LL17,Llandudno,23.7
LL18,Llandudno,23.8
LL19,Llandudno,23.7
LL20,Llandudno,23.1
LL21,Llandudno,23.4
LL22,Llandudno,23.9
LL23,Llandudno,23.5
LL24,Llandudno,23.9
LL25,Llandudno,24
LL26,Llandudno,24
LL27,Llandudno,24
LL28,Llandudno,24.1
LL29,Llandudno,24
LL30,Llandudno,24.2
LL31,Llandudno,24.1
LL32,Llandudno,24.1
LL33,Llandudno,24.3
LL34,Llandudno,24.2
LL35,Llandudno,23.8
LL36,Llandudno,23.8
LL37,Llandudno,23.9
LL38,Llandudno,23.9
LL39,Llandudno,23.9
LL40,Llandudno,23.7
LL41,Llandudno,24
LL42,Llandudno,23.9
LL43,Llandudno,24
LL44,Llandudno,24
LL45,Llandudno,24
LL46,Llandudno,24.1
LL47,Llandudno,24.1
LL48,Llandudno,24.1
LL49,Llandudno,24.2
LL51,Llandudno,24.3
LL52,Llandudno,24.3
LL53,Llandudno,24.4
LL54,Llandudno,24.4
LL55,Llandudno,24.4
LL56,Llandudno,24.5
LL57,Llandudno,24.4
LL58,Llandudno,24.4
LL59,Llandudno,24.5
LL60,Llandudno,24.6
LL61,Llandudno,24.5
LL62,Llandudno,24.6
LL63,Llandudno,24.7
LL64,Llandudno,24.7
LL65,Llandudno,24.8
LL66,Llandudno,24.8
LL67,Llandudno,24.9
LL68,Llandudno,24.8
LL69,Llandudno,24.8
LL70,Llandudno,24.7
LL71,Llandudno,24.7
LL72,Llandudno,24.7
LL73,Llandudno,24.7
LL74,Llandudno,24.6
LL75,Llandudno,24.6
LL76,Llandudno,24.6
LL77,Llandudno,24.6
LL78,Llandudno,24.7
LN1,Lincoln,22
LN10,Lincoln,22
LN11,Lincoln,22.2
LN12,Lincoln,22.3
LN13,Lincoln,22.2
LN2,Lincoln,22
LN3,Lincoln,22
LN4,Lincoln,22
LN5,Lincoln,21.9
LN6,Lincoln,22
LN7,Lincoln,22.2
LN8,Lincoln,22.1
LN9,Lincoln,22.1
LS1,Leeds,22.6
LS10,Leeds,22.6
LS11,Leeds,22.6
LS12,Leeds,22.7
LS13,Leeds,22.7
LS14,Leeds,22.6
LS15,Leeds,22.6
LS16,Leeds,22.7
LS17,Leeds,22.7
LS18,Leeds,22.7
LS19,Leeds,22.8
LS2,Leeds,22.6
LS20,Leeds,22.8
LS21,Leeds,22.8
LS22,Leeds,22.7
LS23,Leeds,22.7
LS24,Leeds,22.6
LS25,Leeds,22.5
LS26,Leeds,22.5
LS27,Leeds,22.6
LS28,Leeds,22.7
LS29,Leeds,22.9
LS3,Leeds,22.7
LS4,Leeds,22.7
LS5,Leeds,22.7
LS6,Leeds,22.7
LS7,Leeds,22.7
LS8,Leeds,22.7
LS9,Leeds,22.6
LU1,Luton,21.5
LU2,Luton,21.5
LU3,Luton,21.5
LU4,Luton,21.5
LU5,Luton,21.5
LU6,Luton,21.5
LU7,Luton,21.5
M1,Manchester,22.7
M11,Manchester,22.6
M12,Manchester,22.6
M13,Manchester,22.6
M14,Manchester,22.6
M15,Manchester,22.7
M16,Manchester,22.7
M17,Manchester,22.7
M18,Manchester,22.6
M19,Manchester,22.6
M2,Manchester,22.7
M20,Manchester,22.6
M21,Manchester,22.7
M22,Manchester,22.6
M23,Manchester,22.6
M24,Manchester,22.7
M25,Manchester,22.8
M26,Manchester,22.8
M27,Manchester,22.8
M28,Manchester,22.8
M29,Manchester,22.9
M3,Manchester,22.7
M30,Manchester,22.8
M31,Manchester,22.8
M32,Manchester,22.7
M33,Manchester,22.7
M34,Manchester,22.5
M35,Manchester,22.6
M38,Manchester,22.9
M4,Manchester,22.7
M40,Manchester,22.6
M41,Manchester,22.7
M43,Manchester,22.6
M44,Manchester,22.8
M45,Manchester,22.8
M46,Manchester,22.9
M5,Manchester,22.7
M6,Manchester,22.7
M60,Manchester,22.7
M7,Manchester,22.7
M8,Manchester,22.7
M9,Manchester,22.7
M90,Manchester,22.6
ME1,Medway,21.8
ME10,Medway,21.9
ME11,Medway,21.9
ME12,Medway,22
ME13,Medway,22
ME14,Medway,21.9
ME15,Medway,21.9
ME16,Medway,21.8
ME17,Medway,21.9
ME18,Medway,21.8
ME19,Medway,21.8
ME2,Medway,21.8
ME20,Medway,21.8
ME3,Medway,21.8
ME4,Medway,21.8
ME5,Medway,21.8
ME6,Medway,21.8
ME7,Medway,21.9
ME8,Medway,21.9
ME9,Medway,21.9
MK1,Milton Keynes,21.5
MK10,Milton Keynes,21.5
MK11,Milton Keynes,21.5
MK12,Milton Keynes,21.5
MK13,Milton Keynes,21.5
MK14,Milton Keynes,21.5
MK15,Milton Keynes,21.6
MK16,Milton Keynes,21.6
MK17,Milton Keynes,21.5
MK18,Milton Keynes,21.5
MK19,Milton Keynes,21.5
MK2,Milton Keynes,21.5
MK3,Milton Keynes,21.5
MK4,Milton Keynes,21.5
MK40,Milton Keynes,21.6
MK41,Milton Keynes,21.6
MK42,Milton Keynes,21.6
MK43,Milton Keynes,21.6
MK44,Milton Keynes,21.6
MK45,Milton Keynes,21.6
MK46,Milton Keynes,21.6
MK5,Milton Keynes,21.5
MK6,Milton Keynes,21.5
MK7,Milton Keynes,21.5
MK8,Milton Keynes,21.5
MK9,Milton Keynes,21.5
ML1,Motherwell,25.1
ML10,Motherwell,25.2
ML11,Motherwell,24.9
ML12,Motherwell,24.8
ML2,Motherwell,25.1
ML3,Motherwell,25.2
ML4,Motherwell,25.2
ML5,Motherwell,25.2
ML6,Motherwell,25.2
ML7,Motherwell,25
ML8,Motherwell,25
ML9,Motherwell,25.1
N1,London,21.6
N10,London,21.5
N11,London,21.5
N12,London,21.5
N13,London,21.6
N14,London,21.5
N15,London,21.6
N16,London,21.6
N17,London,21.6
N18,London,21.6
N19,London,21.6
N2,London,21.5
N20,London,21.5
N21,London,21.6
N22,London,21.6
N3,London,21.5
N4,London,21.6
N5,London,21.6
N6,London,21.5
N7,London,21.6
N8,London,21.6
N9,London,21.6
NE1,Newcastle upon Tyne,23.8
NE10,Newcastle upon Tyne,23.7
NE11,Newcastle upon Tyne,23.8
NE12,Newcastle upon Tyne,23.8
NE13,Newcastle upon Tyne,23.8
NE15,Newcastle upon Tyne,23.8
NE16,Newcastle upon Tyne,23.8
NE17,Newcastle upon Tyne,23.8
NE18,Newcastle upon Tyne,23.9
NE19,Newcastle upon Tyne,24.1
NE2,Newcastle upon Tyne,23.8
NE20,Newcastle upon Tyne,23.9
NE21,Newcastle upon Tyne,23.8
NE22,Newcastle upon Tyne,23.9
NE23,Newcastle upon Tyne,23.9
NE24,Newcastle upon Tyne,23.9
NE25,Newcastle upon Tyne,23.8
NE26,Newcastle upon Tyne,23.8
NE27,Newcastle upon Tyne,23.8
NE28,Newcastle upon Tyne,23.8
NE29,Newcastle upon Tyne,23.8
NE3,Newcastle upon Tyne,23.8
NE30,Newcastle upon Tyne,23.8
NE31,Newcastle upon Tyne,23.7
NE32,Newcastle upon Tyne,23.7
NE33,Newcastle upon Tyne,23.7
NE34,Newcastle upon Tyne,23.7
NE35,Newcastle upon Tyne,23.7
NE36,Newcastle upon Tyne,23.7
NE37,Newcastle upon Tyne,23.7
NE38,Newcastle upon Tyne,23.7
NE39,Newcastle upon Tyne,23.8
NE4,Newcastle upon Tyne,23.8
NE40,Newcastle upon Tyne,23.8
NE41,Newcastle upon Tyne,23.8
NE42,Newcastle upon Tyne,23.8
NE43,Newcastle upon Tyne,23.8
NE44,Newcastle upon Tyne,23.9
NE45,Newcastle upon Tyne,23.9
NE46,Newcastle upon Tyne,23.9
NE47,Newcastle upon Tyne,24
NE48,Newcastle upon Tyne,24.1
NE49,Newcastle upon Tyne,24.1
NE5,Newcastle upon Tyne,23.8
NE6,Newcastle upon Tyne,23.8
NE61,Newcastle upon Tyne,24
NE62,Newcastle upon Tyne,23.9
NE63,Newcastle upon Tyne,23.9
NE64,Newcastle upon Tyne,23.9
NE65,Newcastle upon Tyne,24.1
NE66,Newcastle upon Tyne,24.2
NE67,Newcastle upon Tyne,24.2
NE68,Newcastle upon Tyne,24.3
NE69,Newcastle upon Tyne,24.3
NE7,Newcastle upon Tyne,23.8
NE70,Newcastle upon Tyne,24.3
NE71,Newcastle upon Tyne,24.3
NE8,Newcastle upon Tyne,23.8
NE9,Newcastle upon Tyne,23.7
NE99,Newcastle upon Tyne,23.8
NG1,Nottingham,21.8
NG10,Nottingham,21.8
NG11,Nottingham,21.8
NG12,Nottingham,21.8
NG13,Nottingham,21.8
NG14,Nottingham,21.9
NG15,Nottingham,21.9
NG16,Nottingham,21.9
NG17,Nottingham,21.9
NG18,Nottingham,21.9
NG19,Nottingham,21.9
NG2,Nottingham,21.8
NG20,Nottingham,22
NG21,Nottingham,21.9
NG22,Nottingham,22
NG23,Nottingham,21.9
NG24,Nottingham,21.9
NG25,Nottingham,21.9
NG3,Nottingham,21.8
NG31,Nottingham,21.8
NG32,Nottingham,21.8
NG33,Nottingham,21.8
NG34,Nottingham,21.9
NG4,Nottingham,21.8
NG5,Nottingham,21.8
NG6,Nottingham,21.8
NG7,Nottingham,21.8
NG8,Nottingham,21.8
NG9,Nottingham,21.8
NN1,Northampton,21.6
NN10,Northampton,21.6
NN11,Northampton,21.6
NN12,Northampton,21.6
NN13,Northampton,21.5
NN14,Northampton,21.6
NN15,Northampton,21.6
NN16,Northampton,21.6
NN17,Northampton,21.6
NN18,Northampton,21.6
NN2,Northampton,21.6
NN29,Northampton,21.6
NN3,Northampton,21.6
NN4,Northampton,21.6
NN5,Northampton,21.6
NN6,Northampton,21.6
NN7,Northampton,21.6
NN8,Northampton,21.6
NN9,Northampton,21.6
NP10,Newport,22.4
NP11,Newport,22.5
NP12,Newport,22.6
NP13,Newport,22.5
NP15,Newport,22.3
NP16,Newport,22
NP18,Newport,22.3
NP19,Newport,22.3
NP20,Newport,22.4
NP22,Newport,22.7
NP23,Newport,22.6
NP24,Newport,22.6
NP25,Newport,22.1
NP26,Newport,22.1
NP4,Newport,22.4
NP44,Newport,22.4
NP7,Newport,22.4
NP8,Newport,22.6
NR1,Norwich,22.5
NR10,Norwich,22.5
NR11,Norwich,22.6
NR12,Norwich,22.8
NR13,Norwich,22.7
NR14,Norwich,22.5
NR15,Norwich,22.4
NR16,Norwich,22.2
NR17,Norwich,22.2
NR18,Norwich,22.3
NR19,Norwich,22.2
NR2,Norwich,22.5
NR20,Norwich,22.3
NR21,Norwich,22.3
NR22,Norwich,22.3
NR23,Norwich,22.3
NR24,Norwich,22.4
NR25,Norwich,22.5
NR26,Norwich,22.6
NR27,Norwich,22.7
NR28,Norwich,22.7
NR29,Norwich,22.9
NR3,Norwich,22.5
NR30,Norwich,22.9
NR31,Norwich,22.8
NR32,Norwich,22.8
NR33,Norwich,22.8
NR34,Norwich,22.7
NR35,Norwich,22.6
NR4,Norwich,22.5
NR5,Norwich,22.5
NR6,Norwich,22.5
NR8,Norwich,22.5
NR9,Norwich,22.3
NW1,London,21.6
NW10,London,21.5
NW11,London,21.5
NW2,London,21.5
NW3,London,21.5
NW4,London,21.5
NW5,London,21.6
NW6,London,21.5
NW7,London,21.5
NW8,London,21.5
NW9,London,21.5
OL1,Oldham,22.6
OL10,Oldham,22.8
OL11,Oldham,22.8
OL12,Oldham,22.8
OL13,Oldham,22.9
OL14,Oldham,22.8
OL15,Oldham,22.7
OL16,Oldham,22.7
OL2,Oldham,22.7
OL3,Oldham,22.5
OL4,Oldham,22.6
OL5,Oldham,22.5
OL6,Oldham,22.5
OL7,Oldham,22.6
OL8,Oldham,22.6
OL9,Oldham,22.6
OX1,Oxford,21.4
OX10,Oxford,21.4
OX11,Oxford,21.4
OX12,Oxford,21.4
OX13,Oxford,21.4
OX14,Oxford,21.4
OX15,Oxford,21.5
OX16,Oxford,21.5
OX17,Oxford,21.5
OX18,Oxford,21.5
OX2,Oxford,21.4
OX20,Oxford,21.4
OX25,Oxford,21.4
OX26,Oxford,21.4
OX27,Oxford,21.5
OX28,Oxford,21.4
OX29,Oxford,21.4
OX3,Oxford,21.4
OX33,Oxford,21.4
OX39,Oxford,21.4
OX4,Oxford,21.4
OX44,Oxford,21.4
OX49,Oxford,21.4
OX5,Oxford,21.4
OX6,Oxford,21.4
OX7,Oxford,21.5
OX8,Oxford,21.4
OX9,Oxford,21.4
PA1,Paisley,25.6
PA10,Paisley,25.7
PA11,Paisley,25.7
PA12,Paisley,25.8
PA13,Paisley,25.8
PA14,Paisley,25.9
PA15,Paisley,26
PA16,Paisley,26
PA17,Paisley,26.1
PA18,Paisley,26.1
PA19,Paisley,26
PA2,Paisley,25.6
PA20,Paisley,26.2
PA21,Paisley,26.5
PA22,Paisley,26.4
PA23,Paisley,26.2
PA24,Paisley,26.2
PA25,Paisley,26.4
PA26,Paisley,26.4
PA27,Paisley,26.4
PA28,Paisley,26.4
PA29,Paisley,26.6
PA3,Paisley,25.6
PA30,Paisley,26.8
PA31,Paisley,26.8
PA32,Paisley,26.5
PA33,Paisley,26.6
PA34,Paisley,27.2
PA35,Paisley,26.8
PA36,Paisley,26.5
PA37,Paisley,27.1
PA38,Paisley,27.1
PA4,Paisley,25.6
PA41,Paisley,26.7
PA42,Paisley,27
PA43,Paisley,27.2
PA44,Paisley,27.3
PA45,Paisley,27.2
PA46,Paisley,27.3
PA47,Paisley,27.2
PA48,Paisley,27.2
PA49,Paisley,27.3
PA5,Paisley,25.7
PA6,Paisley,25.7
PA60,Paisley,27.1
PA61,Paisley,27.7
PA62,Paisley,27.6
PA63,Paisley,27.5
PA64,Paisley,27.5
PA65,Paisley,27.6
PA66,Paisley,28.1
PA67,Paisley,28
PA68,Paisley,28.1
PA69,Paisley,28
PA7,Paisley,25.7
PA70,Paisley,27.9
PA71,Paisley,27.9
PA72,Paisley,27.9
PA73,Paisley,28.2
PA74,Paisley,28.3
PA75,Paisley,28.2
PA76,Paisley,28.2
PA77,Paisley,28.9
PA78,Paisley,28.7
PA8,Paisley,25.6
PA9,Paisley,25.7
PE1,Peterborough,21.8
PE10,Peterborough,21.8
PE11,Peterborough,21.9
PE12,Peterborough,21.9
PE13,Peterborough,21.9
PE14,Peterborough,21.9
PE15,Peterborough,21.9
PE16,Peterborough,21.8
PE19,Peterborough,21.7
PE2,Peterborough,21.7
PE20,Peterborough,22
PE21,Peterborough,22
PE22,Peterborough,22.1
PE23,Peterborough,22.1
PE24,Peterborough,22.2
PE25,Peterborough,22.2
PE26,Peterborough,21.8
PE27,Peterborough,21.8
PE28,Peterborough,21.7
PE29,Peterborough,21.7
PE3,Peterborough,21.7
PE30,Peterborough,22.1
PE31,Peterborough,22.2
PE32,Peterborough,22.1
PE33,Peterborough,22
PE34,Peterborough,22
PE35,Peterborough,22.1
PE36,Peterborough,22.2
PE37,Peterborough,22.1
PE38,Peterborough,22
PE4,Peterborough,21.8
PE5,Peterborough,21.7
PE6,Peterborough,21.8
PE7,Peterborough,21.8
PE8,Peterborough,21.7
PE9,Peterborough,21.7
PH1,Perth,25.2
PH10,Perth,25.4
PH11,Perth,25.4
PH12,Perth,25.2
PH13,Perth,25.3
PH14,Perth,25.1
PH15,Perth,25.8
PH16,Perth,25.8
PH17,Perth,26.3
PH18,Perth,26
PH19,Perth,26.5
PH2,Perth,25.1
PH20,Perth,26.6
PH21,Perth,26.5
PH22,Perth,26.5
PH23,Perth,26.6
PH24,Perth,26.5
PH25,Perth,26.4
PH26,Perth,26.5
PH3,Perth,25.2
PH30,Perth,26.6
PH31,Perth,26.9
PH32,Perth,27.1
PH33,Perth,27.1
PH34,Perth,27.1
PH35,Perth,27.2
PH36,Perth,28
PH38,Perth,27.9
PH39,Perth,28.1
PH4,Perth,25.2
PH40,Perth,28.1
PH41,Perth,28.2
PH42,Perth,28.5
PH43,Perth,28.8
PH44,Perth,29.1
PH49,Perth,27
PH5,Perth,25.4
PH50,Perth,26.9
PH6,Perth,25.6
PH7,Perth,25.4
PH8,Perth,25.4
PH9,Perth,25.6
PL1,Plymouth,23.5
PL10,Plymouth,23.6
PL11,Plymouth,23.6
PL12,Plymouth,23.6
PL13,Plymouth,23.8
PL14,Plymouth,23.8
PL15,Plymouth,23.7
PL16,Plymouth,23.6
PL17,Plymouth,23.6
PL18,Plymouth,23.6
PL19,Plymouth,23.5
PL2,Plymouth,23.6
PL20,Plymouth,23.5
PL21,Plymouth,23.4
PL22,Plymouth,23.9
PL23,Plymouth,23.9
PL24,Plymouth,24
PL25,Plymouth,24
PL26,Plymouth,24.1
PL27,Plymouth,24.1
PL28,Plymouth,24.1
PL29,Plymouth,24
PL3,Plymouth,23.5
PL30,Plymouth,24
PL31,Plymouth,24
PL32,Plymouth,23.9
PL33,Plymouth,24
PL34,Plymouth,24
PL35,Plymouth,23.9
PL4,Plymouth,23.5
PL5,Plymouth,23.6
PL6,Plymouth,23.5
PL7,Plymouth,23.5
PL8,Plymouth,23.4
PL9,Plymouth,23.5
PO1,Portsmouth,21.6
PO10,Portsmouth,21.6
PO11,Portsmouth,21.6
PO12,Portsmouth,21.6
PO13,Portsmouth,21.6
PO14,Portsmouth,21.6
PO15,Portsmouth,21.6
PO16,Portsmouth,21.6
PO17,Portsmouth,21.6
PO18,Portsmouth,21.6
PO19,Portsmouth,21.6
PO2,Portsmouth,21.6
PO20,Portsmouth,21.6
PO21,Portsmouth,21.6
PO22,Portsmouth,21.6
PO3,Portsmouth,21.6
PO30,Portsmouth,21.7
PO31,Portsmouth,21.7
PO32,Portsmouth,21.7
PO33,Portsmouth,21.7
PO34,Portsmouth,21.7
PO35,Portsmouth,21.7
PO36,Portsmouth,21.7
PO37,Portsmouth,21.8
PO38,Portsmouth,21.8
PO39,Portsmouth,21.8
PO4,Portsmouth,21.6
PO40,Portsmouth,21.8
PO41,Portsmouth,21.7
PO5,Portsmouth,21.6
PO6,Portsmouth,21.6
PO7,Portsmouth,21.6
PO8,Portsmouth,21.6
PO9,Portsmouth,21.6
PR1,Preston,23.3
PR2,Preston,23.4
PR25,Preston,23.3
PR26,Preston,23.3
PR3,Preston,23.5
PR4,Preston,23.5
PR5,Preston,23.3
PR6,Preston,23.2
PR7,Preston,23.2
PR8,Preston,23.6
PR9,Preston,23.5
RG1,Reading,21.4
RG10,Reading,21.4
RG12,Reading,21.4
RG14,Reading,21.4
RG17,Reading,21.4
RG18,Reading,21.4
RG19,Reading,21.4
RG2,Reading,21.4
RG20,Reading,21.4
RG21,Reading,21.4
RG22,Reading,21.4
RG23,Reading,21.4
RG24,Reading,21.4
RG25,Reading,21.4
RG26,Reading,21.4
RG27,Reading,21.4
RG28,Reading,21.4
RG29,Reading,21.4
RG30,Reading,21.4
RG31,Reading,21.4
RG4,Reading,21.4
RG40,Reading,21.4
RG41,Reading,21.4
RG42,Reading,21.4
RG45,Reading,21.4
RG5,Reading,21.4
RG6,Reading,21.4
RG7,Reading,21.4
RG8,Reading,21.4
RG9,Reading,21.4
RH1,Redhill,21.6
RH10,Redhill,21.6
RH11,Redhill,21.6
RH12,Redhill,21.6
RH13,Redhill,21.6
RH14,Redhill,21.6
RH15,Redhill,21.7
RH16,Redhill,21.7
RH17,Redhill,21.7
RH18,Redhill,21.7
RH19,Redhill,21.7
RH2,Redhill,21.6
RH20,Redhill,21.6
RH3,Redhill,21.5
RH4,Redhill,21.5
RH5,Redhill,21.5
RH6,Redhill,21.6
RH7,Redhill,21.6
RH8,Redhill,21.6
RH9,Redhill,21.6
RM1,Romford,21.6
RM10,Romford,21.6
RM11,Romford,21.7
RM12,Romford,21.7
RM13,Romford,21.7
RM14,Romford,21.7
RM15,Romford,21.7
RM16,Romford,21.7
RM17,Romford,21.7
RM18,Romford,21.8
RM19,Romford,21.7
RM2,Romford,21.7
RM20,Romford,21.7
RM3,Romford,21.7
RM4,Romford,21.6
RM5,Romford,21.6
RM6,Romford,21.6
RM7,Romford,21.6
RM8,Romford,21.6
RM9,Romford,21.6
S1,Sheffield,22.2
S10,Sheffield,22.2
S11,Sheffield,22.2
S12,Sheffield,22.1
S13,Sheffield,22.1
S14,Sheffield,22.1
S17,Sheffield,22.1
S18,Sheffield,22.1
S2,Sheffield,22.2
S20,Sheffield,22.1
S21,Sheffield,22.1
S25,Sheffield,22.1
S26,Sheffield,22.1
S3,Sheffield,22.2
S32,Sheffield,22.2
S33,Sheffield,22.2
S35,Sheffield,22.2
S36,Sheffield,22.3
S4,Sheffield,22.2
S40,Sheffield,22.1
S41,Sheffield,22.1
S42,Sheffield,22
S43,Sheffield,22
S44,Sheffield,22
S45,Sheffield,22
S5,Sheffield,22.2
S6,Sheffield,22.2
S60,Sheffield,22.1
S61,Sheffield,22.2
S62,Sheffield,22.2
S63,Sheffield,22.2
S64,Sheffield,22.2
S65,Sheffield,22.1
S66,Sheffield,22.1
S7,Sheffield,22.2
S70,Sheffield,22.3
S71,Sheffield,22.3
S72,Sheffield,22.3
S73,Sheffield,22.3
S74,Sheffield,22.2
S75,Sheffield,22.4
S8,Sheffield,22.1
S80,Sheffield,22
S81,Sheffield,22.1
S9,Sheffield,22.2
SA1,Swansea,23.3
SA10,Swansea,23.2
SA11,Swansea,23.2
SA12,Swansea,23.2
SA13,Swansea,23.1
SA14,Swansea,23.5
SA15,Swansea,23.5
SA16,Swansea,23.6
SA17,Swansea,23.7
SA18,Swansea,23.4
SA19,Swansea,23.4
SA2,Swansea,23.4
SA20,Swansea,23.2
SA3,Swansea,23.4
SA31,Swansea,23.7
SA32,Swansea,23.6
SA33,Swansea,23.8
SA34,Swansea,23.9
SA35,Swansea,23.9
SA36,Swansea,24
SA37,Swansea,23.9
SA38,Swansea,23.9
SA39,Swansea,23.7
SA4,Swansea,23.4
SA40,Swansea,23.6
SA41,Swansea,24
SA42,Swansea,24.2
SA43,Swansea,24
SA44,Swansea,23.8
SA45,Swansea,23.8
SA46,Swansea,23.8
SA47,Swansea,23.8
SA48,Swansea,23.6
SA5,Swansea,23.3
SA6,Swansea,23.3
SA61,Swansea,24.2
SA62,Swansea,24.3
SA63,Swansea,24.1
SA64,Swansea,24.3
SA65,Swansea,24.2
SA66,Swansea,24.1
SA67,Swansea,24
SA68,Swansea,24.1
SA69,Swansea,24
SA7,Swansea,23.3
SA70,Swansea,24
SA71,Swansea,24.2
SA72,Swansea,24.2
SA73,Swansea,24.2
SA8,Swansea,23.2
SA9,Swansea,23.2
SE1,London,21.6
SE10,London,21.6
SE11,London,21.6
SE12,London,21.6
SE13,London,21.6
SE14,London,21.6
SE15,London,21.6
SE16,London,21.6
SE17,London,21.6
SE18,London,21.6
SE19,London,21.6
SE2,London,21.6
SE20,London,21.6
SE21,London,21.6
SE22,London,21.6
SE23,London,21.6
SE24,London,21.6
SE25,London,21.6
SE26,London,21.6
SE27,London,21.6
SE28,London,21.6
SE3,London,21.6
SE4,London,21.6
SE5,London,21.6
SE6,London,21.6
SE7,London,21.6
SE8,London,21.6
SE9,London,21.6
SG1,Stevenage,21.6
SG10,Stevenage,21.6
SG11,Stevenage,21.6
SG12,Stevenage,21.6
SG13,Stevenage,21.6
SG14,Stevenage,21.6
SG15,Stevenage,21.6
SG16,Stevenage,21.6
SG17,Stevenage,21.6
SG18,Stevenage,21.6
SG19,Stevenage,21.7
SG2,Stevenage,21.6
SG3,Stevenage,21.6
SG4,Stevenage,21.6
SG5,Stevenage,21.6
SG6,Stevenage,21.6
SG7,Stevenage,21.6
SG8,Stevenage,21.7
SG9,Stevenage,21.7
SK1,Stockport,22.5
SK10,Stockport,22.4
SK11,Stockport,22.4
SK12,Stockport,22.4
SK13,Stockport,22.4
SK14,Stockport,22.5
SK15,Stockport,22.5
SK16,Stockport,22.5
SK17,Stockport,22.2
SK2,Stockport,22.5
SK22,Stockport,22.3
SK23,Stockport,22.3
SK3,Stockport,22.5
SK4,Stockport,22.6
SK5,Stockport,22.5
SK6,Stockport,22.5
SK7,Stockport,22.5
SK8,Stockport,22.5
SK9,Stockport,22.5
SL0,Slough,21.4
SL1,Slough,21.4
SL2,Slough,21.4
SL3,Slough,21.4
SL4,Slough,21.4
SL5,Slough,21.4
SL6,Slough,21.4
SL7,Slough,21.4
SL8,Slough,21.4
SL9,Slough,21.4
SM1,Sutton,21.6
SM2,Sutton,21.6
SM3,Sutton,21.6
SM4,Sutton,21.6
SM5,Sutton,21.6
SM6,Sutton,21.6
SM7,Sutton,21.6
SN1,Swindon,21.5
SN10,Swindon,21.6
SN11,Swindon,21.6
SN12,Swindon,21.7
SN13,Swindon,21.7
SN14,Swindon,21.7
SN15,Swindon,21.6
SN16,Swindon,21.6
SN2,Swindon,21.5
SN25,Swindon,21.5
SN26,Swindon,21.5
SN3,Swindon,21.5
SN4,Swindon,21.5
SN5,Swindon,21.5
SN6,Swindon,21.5
SN7,Swindon,21.4
SN8,Swindon,21.5
SN9,Swindon,21.5
SO14,Southampton,21.6
SO15,Southampton,21.6
SO16,Southampton,21.6
SO17,Southampton,21.6
SO18,Southampton,21.6
SO19,Southampton,21.6
SO20,Southampton,21.5
SO21,Southampton,21.5
SO22,Southampton,21.5
SO23,Southampton,21.5
SO24,Southampton,21.5
SO30,Southampton,21.6
SO31,Southampton,21.6
SO32,Southampton,21.5
SO40,Southampton,21.6
SO41,Southampton,21.7
SO42,Southampton,21.7
SO43,Southampton,21.7
SO45,Southampton,21.6
SO50,Southampton,21.6
SO51,Southampton,21.6
SO52,Southampton,21.6
SO53,Southampton,21.6
SP1,Salisbury,21.6
SP10,Salisbury,21.5
SP11,Salisbury,21.5
SP2,Salisbury,21.6
SP3,Salisbury,21.7
SP4,Salisbury,21.6
SP5,Salisbury,21.6
SP6,Salisbury,21.7
SP7,Salisbury,21.8
SP8,Salisbury,21.9
SP9,Salisbury,21.5
SR1,Sunderland,23.6
SR2,Sunderland,23.6
SR3,Sunderland,23.6
SR4,Sunderland,23.7
SR5,Sunderland,23.7
SR6,Sunderland,23.7
SR7,Sunderland,23.6
SR8,Sunderland,23.5
SR9,Sunderland,23.6
SS0,Southend on Sea,21.9
SS1,Southend on Sea,21.9
SS11,Southend on Sea,21.8
SS12,Southend on Sea,21.8
SS13,Southend on Sea,21.8
SS14,Southend on Sea,21.8
SS15,Southend on Sea,21.8
SS16,Southend on Sea,21.8
SS17,Southend on Sea,21.8
SS2,Southend on Sea,21.9
SS3,Southend on Sea,21.9
SS4,Southend on Sea,21.9
SS5,Southend on Sea,21.9
SS6,Southend on Sea,21.8
SS7,Southend on Sea,21.8
SS8,Southend on Sea,21.8
SS9,Southend on Sea,21.9
ST1,Stoke on Trent,22.2
ST10,Stoke on Trent,22
ST11,Stoke on Trent,22
ST12,Stoke on Trent,22.1
ST13,Stoke on Trent,22.1
ST14,Stoke on Trent,21.9
ST15,Stoke on Trent,22.1
ST16,Stoke on Trent,22
ST17,Stoke on Trent,22
ST18,Stoke on Trent,22
ST19,Stoke on Trent,21.9
ST2,Stoke on Trent,22.2
ST20,Stoke on Trent,22.1
ST21,Stoke on Trent,22.1
ST3,Stoke on Trent,22.1
ST4,Stoke on Trent,22.2
ST5,Stoke on Trent,22.2
ST6,Stoke on Trent,22.2
ST7,Stoke on Trent,22.3
ST8,Stoke on Trent,22.3
ST9,Stoke on Trent,22.1
SW1,London,21.6
SW10,London,21.5
SW11,London,21.6
SW12,London,21.6
SW13,London,21.5
SW14,London,21.5
SW15,London,21.5
SW16,London,21.6
SW17,London,21.6
SW18,London,21.5
SW19,London,21.5
SW1A,London,21.6
SW1E,London,21.6
SW1H,London,21.6
SW1P,London,21.6
SW1V,London,21.6
SW1W,London,21.6
SW1X,London,21.6
SW1Y,London,21.6
SW2,London,21.6
SW20,London,21.5
SW3,London,21.6
SW4,London,21.6
SW5,London,21.5
SW6,London,21.5
SW7,London,21.5
SW8,London,21.6
SW9,London,21.6
SY1,Shrewsbury,22.5
SY10,Shrewsbury,22.9
SY11,Shrewsbury,22.9
SY12,Shrewsbury,22.7
SY13,Shrewsbury,22.6
SY14,Shrewsbury,22.7
SY15,Shrewsbury,22.8
SY16,Shrewsbury,22.9
SY17,Shrewsbury,23.1
SY18,Shrewsbury,23.1
SY19,Shrewsbury,23.3
SY2,Shrewsbury,22.4
SY20,Shrewsbury,23.6
SY21,Shrewsbury,22.9
SY22,Shrewsbury,23
SY23,Shrewsbury,23.7
SY24,Shrewsbury,23.7
SY25,Shrewsbury,23.4
SY3,Shrewsbury,22.5
SY4,Shrewsbury,22.5
SY5,Shrewsbury,22.5
SY6,Shrewsbury,22.4
SY7,Shrewsbury,22.5
SY8,Shrewsbury,22.2
SY9,Shrewsbury,22.6
TA1,Taunton,22.5
TA10,Taunton,22.3
TA11,Taunton,22.1
TA12,Taunton,22.2
TA13,Taunton,22.3
TA14,Taunton,22.2
TA15,Taunton,22.2
TA16,Taunton,22.3
TA17,Taunton,22.3
TA18,Taunton,22.3
TA19,Taunton,22.4
TA2,Taunton,22.5
TA20,Taunton,22.4
TA21,Taunton,22.7
TA22,Taunton,22.9
TA23,Taunton,22.8
TA24,Taunton,22.9
TA3,Taunton,22.5
TA4,Taunton,22.7
TA5,Taunton,22.5
TA6,Taunton,22.4
TA7,Taunton,22.3
TA8,Taunton,22.4
TA9,Taunton,22.3
TD1,Tweed,24.5
TD10,Tweed,24.4
TD11,Tweed,24.4
TD12,Tweed,24.4
TD13,Tweed,24.5
TD14,Tweed,24.5
TD15,Tweed,24.4
TD2,Tweed,24.5
TD3,Tweed,24.4
TD4,Tweed,24.4
TD5,Tweed,24.4
TD6,Tweed,24.4
TD7,Tweed,24.5
TD8,Tweed,24.4
TD9,Tweed,24.4
TF1,Telford,22.2
TF10,Telford,22.2
TF11,Telford,22.1
TF12,Telford,22.2
TF13,Telford,22.2
TF2,Telford,22.2
TF3,Telford,22.2
TF4,Telford,22.2
TF5,Telford,22.3
TF6,Telford,22.3
TF7,Telford,22.1
TF8,Telford,22.2
TF9,Telford,22.3
TN1,Tonbridge,21.8
TN10,Tonbridge,21.8
TN11,Tonbridge,21.7
TN12,Tonbridge,21.8
TN13,Tonbridge,21.7
TN14,Tonbridge,21.7
TN15,Tonbridge,21.7
TN16,Tonbridge,21.6
TN17,Tonbridge,21.9
TN18,Tonbridge,21.9
TN19,Tonbridge,21.9
TN2,Tonbridge,21.8
TN20,Tonbridge,21.8
TN21,Tonbridge,21.8
TN22,Tonbridge,21.7
TN23,Tonbridge,22
TN24,Tonbridge,22.1
TN25,Tonbridge,22.1
TN26,Tonbridge,22
TN27,Tonbridge,22
TN28,Tonbridge,22.1
TN29,Tonbridge,22.1
TN3,Tonbridge,21.8
TN30,Tonbridge,22
TN31,Tonbridge,22
TN32,Tonbridge,21.9
TN33,Tonbridge,21.9
TN34,Tonbridge,22
TN35,Tonbridge,22
TN36,Tonbridge,22
TN37,Tonbridge,21.9
TN38,Tonbridge,21.9
TN39,Tonbridge,21.9
TN4,Tonbridge,21.8
TN40,Tonbridge,21.9
TN5,Tonbridge,21.8
TN6,Tonbridge,21.7
TN7,Tonbridge,21.7
TN8,Tonbridge,21.7
TN9,Tonbridge,21.8
TQ1,Torquay,23.1
TQ10,Torquay,23.3
TQ11,Torquay,23.2
TQ12,Torquay,23.1
TQ13,Torquay,23.2
TQ14,Torquay,23
TQ2,Torquay,23.1
TQ3,Torquay,23.1
TQ4,Torquay,23.1
TQ5,Torquay,23.1
TQ6,Torquay,23.1
TQ7,Torquay,23.3
TQ8,Torquay,23.3
TQ9,Torquay,23.2
TR1,Truro,24.3
TR10,Truro,24.4
TR11,Truro,24.3
TR12,Truro,24.4
TR13,Truro,24.5
TR14,Truro,24.5
TR15,Truro,24.4
TR16,Truro,24.4
TR17,Truro,24.6
TR18,Truro,24.7
TR19,Truro,24.7
TR2,Truro,24.2
TR20,Truro,24.7
TR21,Truro,25.1
TR22,Truro,25.2
TR23,Truro,25.2
TR24,Truro,25.2
TR25,Truro,25.1
TR26,Truro,24.6
TR27,Truro,24.6
TR3,Truro,24.3
TR4,Truro,24.3
TR5,Truro,24.4
TR6,Truro,24.3
TR7,Truro,24.2
TR8,Truro,24.2
TR9,Truro,24.1
TS1,Teeside,23.2
TS10,Teeside,23.2
TS11,Teeside,23.2
TS12,Teeside,23.2
TS13,Teeside,23.1
TS14,Teeside,23.2
TS15,Teeside,23.2
TS16,Teeside,23.2
TS17,Teeside,23.2
TS18,Teeside,23.3
TS19,Teeside,23.3
TS2,Teeside,23.3
TS20,Teeside,23.3
TS21,Teeside,23.4
TS22,Teeside,23.3
TS23,Teeside,23.3
TS24,Teeside,23.4
TS25,Teeside,23.3
TS26,Teeside,23.4
TS27,Teeside,23.4
TS28,Teeside,23.5
TS29,Teeside,23.5
TS3,Teeside,23.2
TS4,Teeside,23.2
TS5,Teeside,23.2
TS6,Teeside,23.2
TS7,Teeside,23.2
TS8,Teeside,23.2
TS9,Teeside,23.1
TW1,Twickenham,21.5
TW10,Twickenham,21.5
TW11,Twickenham,21.5
TW12,Twickenham,21.5
TW13,Twickenham,21.5
TW14,Twickenham,21.5
TW15,Twickenham,21.5
TW16,Twickenham,21.5
TW17,Twickenham,21.5
TW18,Twickenham,21.5
TW19,Twickenham,21.5
TW2,Twickenham,21.5
TW20,Twickenham,21.4
TW3,Twickenham,21.5
TW4,Twickenham,21.5
TW5,Twickenham,21.5
TW6,Twickenham,21.5
TW7,Twickenham,21.5
TW8,Twickenham,21.5
TW9,Twickenham,21.5
UB1,Uxbridge,21.5
UB10,Uxbridge,21.5
UB11,Uxbridge,21.5
UB2,Uxbridge,21.5
UB3,Uxbridge,21.5
UB4,Uxbridge,21.5
UB5,Uxbridge,21.5
UB6,Uxbridge,21.5
UB7,Uxbridge,21.5
UB8,Uxbridge,21.5
UB9,Uxbridge,21.4
W1,London,21.6
W10,London,21.5
W11,London,21.5
W12,London,21.5
W13,London,21.5
W14,London,21.5
W1B,London,21.6
W1C,London,21.6
W1D,London,21.6
W1F,London,21.6
W1G,London,21.6
W1H,London,21.5
W1J,London,21.6
W1K,London,21.6
W1M,London,21.6
W1S,London,21.6
W1T,London,21.6
W1U,London,21.6
W1W,London,21.6
W2,London,21.5
W3,London,21.5
W4,London,21.5
W5,London,21.5
W6,London,21.5
W7,London,21.5
W8,London,21.5
W9,London,21.5
WA1,Warrington,22.9
WA10,Warrington,23.1
WA11,Warrington,23.1
WA12,Warrington,23
WA13,Warrington,22.8
WA14,Warrington,22.7
WA15,Warrington,22.7
WA16,Warrington,22.6
WA2,Warrington,22.9
WA3,Warrington,22.9
WA4,Warrington,22.9
WA5,Warrington,22.9
WA6,Warrington,22.9
WA7,Warrington,22.9
WA8,Warrington,23
WA9,Warrington,23.1
WC1,London,21.6
WC1A,London,21.6
WC1B,London,21.6
WC1E,London,21.6
WC1H,London,21.6
WC1N,London,21.6
WC1R,London,21.6
WC1V,London,21.6
WC1X,London,21.6
WC2,London,21.6
WC2A,London,21.6
WC2B,London,21.6
WC2E,London,21.6
WC2H,London,21.6
WC2N,London,21.6
WC2R,London,21.6
WD1,Watford,21.5
WD17,Watford,21.5
WD18,Watford,21.5
WD19,Watford,21.5
WD2,Watford,21.5
WD23,Watford,21.5
WD24,Watford,21.5
WD25,Watford,21.5
WD3,Watford,21.4
WD4,Watford,21.5
WD5,Watford,21.5
WD6,Watford,21.5
WD7,Watford,21.5
WF1,Wakefield,22.5
WF10,Wakefield,22.5
WF11,Wakefield,22.4
WF12,Wakefield,22.5
WF13,Wakefield,22.6
WF14,Wakefield,22.6
WF15,Wakefield,22.6
WF16,Wakefield,22.6
WF17,Wakefield,22.6
WF2,Wakefield,22.5
WF3,Wakefield,22.5
WF4,Wakefield,22.5
WF5,Wakefield,22.5
WF6,Wakefield,22.5
WF7,Wakefield,22.4
WF8,Wakefield,22.4
WF9,Wakefield,22.3
WN1,Wigan,23.1
WN2,Wigan,23
WN3,Wigan,23.1
WN4,Wigan,23
WN5,Wigan,23.1
WN6,Wigan,23.1
WN7,Wigan,22.9
WN8,Wigan,23.2
WR1,Worcester,21.8
WR10,Worcester,21.7
WR11,Worcester,21.6
WR12,Worcester,21.6
WR13,Worcester,21.9
WR14,Worcester,21.9
WR15,Worcester,22.1
WR2,Worcester,21.8
WR3,Worcester,21.8
WR4,Worcester,21.8
WR5,Worcester,21.8
WR6,Worcester,21.9
WR7,Worcester,21.7
WR8,Worcester,21.8
WR9,Worcester,21.8
WS1,Walsall,21.7
WS10,Walsall,21.7
WS11,Walsall,21.8
WS12,Walsall,21.8
WS13,Walsall,21.8
WS14,Walsall,21.7
WS15,Walsall,21.8
WS2,Walsall,21.7
WS3,Walsall,21.7
WS4,Walsall,21.7
WS5,Walsall,21.7
WS6,Walsall,21.8
WS7,Walsall,21.8
WS8,Walsall,21.8
WS9,Walsall,21.7
WV1,Wolverhampton,21.8
WV10,Wolverhampton,21.8
WV11,Wolverhampton,21.8
WV12,Wolverhampton,21.8
WV13,Wolverhampton,21.8
WV14,Wolverhampton,21.8
WV15,Wolverhampton,22
WV16,Wolverhampton,22.1
WV2,Wolverhampton,21.8
WV3,Wolverhampton,21.9
WV4,Wolverhampton,21.8
WV5,Wolverhampton,21.9
WV6,Wolverhampton,21.9
WV7,Wolverhampton,22
WV8,Wolverhampton,21.9
WV9,Wolverhampton,21.9
YO1,York,22.7
YO10,York,22.6
YO11,York,22.8
YO12,York,22.8
YO13,York,22.8
YO14,York,22.7
YO15,York,22.7
YO16,York,22.7
YO17,York,22.7
YO18,York,22.8
YO19,York,22.6
YO21,York,23
YO22,York,23
YO23,York,22.6
YO24,York,22.6
YO25,York,22.6
YO26,York,22.7
YO30,York,22.7
YO31,York,22.7
YO32,York,22.7
YO41,York,22.6
YO42,York,22.6
YO43,York,22.5
YO51,York,22.8
YO60,York,22.7
YO61,York,22.8
YO62,York,22.9
YO7,York,23
YO8,York,22.5
ZE1,Shetland Isles,30.3
ZE2,Shetland Isles,30.5
ZE3,Shetland Isles,30.1
